#026674,5
#02CA0C,4
#04C2D4,5
#094EBA,5
#0A3AA8,5
#0AD49D,4
#0CC5F2,5
#0DF6AF,4
#10DDD3,5
#170EC4,5
#179A89,4
#1BE34E,4
#216982,5
#21C714,4
#24203D,6
#242EF1,5
#2569B0,5
#297B87,5
#2CD373,4
#2D6FA8,5
#2DCEE5,5
#344901,4
#385215,4
#3A4F79,6
#3ABCF0,5
#3C6054,4
#3D0AC2,6
#3E9556,4
#408F0C,4
#410DFD,5
#42A7A2,5
#451D44,6
#49F363,4
#4B5EEA,5
#4EA6FA,5
#4FC9E5,5
#5249AC,6
#550CF8,6
#5520FA,6
#582375,6
#59A6CD,5
#5A14CF,6
#5AA81B,4
#5CDAB3,5
#5DF4D2,5
#5F6779,9
#663DC8,6
#664D1C,8
#6B4E77,6
#6E8207,4
#6F5A35,8
#719901,4
#726369,7
#7386ED,5
#75274C,1
#75CDF3,5
#7822C2,6
#79AA00,4
#7B563A,8
#7CC330,4
#7CEAE2,5
#7E262A,1
#824006,8
#9091BC,6
#911669,4
#92F658,4
#985E05,8
#9A4207,2
#9BFED6,5
#9CB821,3
#9D58CA,6
#9E3EFB,6
#AB2002,1
#AB978B,7
#ADCF8C,4
#B0CB28,3
#B32C0A,1
#B4FCEB,5
#B61AF9,6
#BBFA50,3
#C0F07A,4
#C3A104,3
#C52198,6
#C52294,6
#C55127,2
#C73AE9,6
#CB7630,3
#CCB1D0,7
#CE8686,8
#CFD909,3
#D061AE,6
#D1AD6D,3
#D2C066,3
#D5D872,3
#D68149,2
#DCD3CB,7
#DD709D,6
#DDA92A,3
#DF303B,1
#DF3BD2,6
#E0470A,2
#E19559,2
#E24113,1
#E49804,2
#E6D612,3
#E75B67,1
#E9D973,8
#EB9A52,3
#EC877F,8
#EEB1D1,7
#EF0B6B,1
#EFF6A8,4
#F04D8C,6
#F10456,1
#F3BD48,3
#F493D7,6
#F66780,6
#F831A1,6
#FA4C9A,6
#FF5BDB,6
